,Accuracy,ROC AUC
Baseline,0.5959843290891284,0.6090313947097564
Dense,0.7120470127326151,0.637518533885911
Wide&Deep,0.7099902056807051,0.6399218826873769
